number, message
9029489850, This is message
9029489850, This is message
9029489850, This is message
9029489850, This is message
9029489850, This is message
9029489850, This is message
9029489850, This is message
9029489850, This is message
9029489850, This is message
9029489850, This is message
9029489850, This is message
9029489850, This is message
9029489850, This is message
9029489850, This is message
9029489850, This is message
9029489850, This is message
9029489850, This is message
9029489850, This is message
9029489850, This is message
9029489850, This is message
9029489850, This is message
9029489850, This is message
9029489850, This is message
9029489850, This is message
9029489850, This is message
9029489850, This is message
9029489850, This is message
9029489850, This is message