number,message
9029489850, This is whatsapp1
9029489850, This is whatsapp2
9029489850, This is whatsapp3
9029489850, This is whatsapp4
9029489850, This is whatsapp5
9029489850, This is whatsapp6
9029489850, This is whatsapp7
9029489850, This is whatsapp8
9029489850, This is whatsapp9
9029489850, This is whatsapp10
9029489850, This is whatsapp11
9029489850, This is whatsapp12
9029489850, This is whatsapp13
9029489850, This is whatsapp14
9029489850, This is whatsapp15
9029489850, This is whatsapp16
9029489850, This is whatsapp17
9029489850, This is whatsapp18
9029489850, This is whatsapp19
9029489850, This is whatsapp20
9029489850, This is whatsapp21
9029489850, This is whatsapp22
9029489850, This is whatsapp23
9029489850, This is whatsapp24
9029489850, This is whatsapp25
9029489850, This is whatsapp26
9029489850, This is whatsapp27
9029489850, This is whatsapp28
9029489850, This is whatsapp29
9029489850, This is whatsapp30
9029489850, This is whatsapp31
9029489850, This is whatsapp32
9029489850, This is whatsapp33
9029489850, This is whatsapp34
9029489850, This is whatsapp35
9029489850, This is whatsapp36
9029489850, This is whatsapp37
9029489850, This is whatsapp38
9029489850, This is whatsapp39
9029489850, This is whatsapp40
9029489850, This is whatsapp41
9029489850, This is whatsapp42
9029489850, This is whatsapp43
9029489850, This is whatsapp44
9029489850, This is whatsapp45
9029489850, This is whatsapp46
9029489850, This is whatsapp47
9029489850, This is whatsapp48
9029489850, This is whatsapp49
9029489850, This is whatsapp50
9029489850, This is whatsapp51
9029489850, This is whatsapp52
9029489850, This is whatsapp53
9029489850, This is whatsapp54
9029489850, This is whatsapp55
9029489850, This is whatsapp56
9029489850, This is whatsapp57
9029489850, This is whatsapp58
9029489850, This is whatsapp59
9029489850, This is whatsapp60
9029489850, This is whatsapp61
9029489850, This is whatsapp62
9029489850, This is whatsapp63
9029489850, This is whatsapp64
9029489850, This is whatsapp65
9029489850, This is whatsapp66
9029489850, This is whatsapp67
9029489850, This is whatsapp68
9029489850, This is whatsapp69
9029489850, This is whatsapp70
9029489850, This is whatsapp71
9029489850, This is whatsapp72
9029489850, This is whatsapp73
9029489850, This is whatsapp74
9029489850, This is whatsapp75
9029489850, This is whatsapp76
9029489850, This is whatsapp77
9029489850, This is whatsapp78
9029489850, This is whatsapp79
9029489850, This is whatsapp80
9029489850, This is whatsapp81
9029489850, This is whatsapp82
9029489850, This is whatsapp83
9029489850, This is whatsapp84
9029489850, This is whatsapp85
9029489850, This is whatsapp86
9029489850, This is whatsapp87
9029489850, This is whatsapp88



